Name;Active
Room 1;1
Room 2;1
Room 3;1
Room 4;1
Room 5;1
Room 6;1
Room 7;1
Room 8;1
Room 9;1
Room 10;1
Room 11;1
Room 12;1
Room 13;1
Room 14;1
Room 15;1
Room 16;1
Room 17;1
Room 18;1
Room 19;1
Room 20;1
Room 21;1
Room 22;1
Room 23;1
Room 24;1
Room 25;1
Room 26;1
Room 27;1
Room 28;1
Room 29;1
Room 30;1
Room 31;1
Room 32;1
Room 33;1
Room 34;1
Room 35;1
Room 36;1
Room 37;1
Room 38;1
Room 39;1
Room 40;1
Room 41;1
Room 42;1
Room 43;1
Room 44;1
Room 45;1
Room 46;1
Room 47;1
Room 48;1
Room 49;1
Room 50;1
Room 51;1
Room 52;1
Room 53;1
Room 54;1
Room 55;1
Room 56;1
Room 57;1
Room 58;1
Room 59;1
Room 60;1
Room 61;1
Room 62;1
Room 63;1
